{"cameraMode":{"drawMode":0,"name":"Shaded","section":"Shading Mode"},"sceneLighting":true,"audioPlay":false,"sceneViewState":{"showFog":true,"showMaterialUpdate":true,"showSkybox":true,"showFlares":true,"showImageEffects":true,"showParticleSystems":true},"in2DMode":false,"pivot":{"x":0.008521736599504948,"y":1.2008228302001954,"z":0.11145384609699249},"rotation":{"x":-0.029204951599240304,"y":0.6936251521110535,"z":-0.02777772955596447,"w":-0.7193922996520996},"size":1.5661747455596924,"orthographic":false}