{"cameraMode":{"drawMode":0,"name":"Shaded","section":"Shading Mode"},"sceneLighting":true,"audioPlay":false,"sceneViewState":{"showFog":true,"showMaterialUpdate":true,"showSkybox":true,"showFlares":true,"showImageEffects":true,"showParticleSystems":true},"in2DMode":false,"pivot":{"x":0.008521736599504948,"y":1.2008228302001954,"z":0.11145384609699249},"rotation":{"x":-0.03145590052008629,"y":0.9688876867294312,"z":-0.18206745386123658,"w":-0.16539399325847627},"size":1.5661747455596924,"orthographic":false}